Family,Weight %
Toluene,0.00018473287
C2-Benzene,0.00018455097
C3-Benzene,0.054897778
C4-Benzene,0.00018430175
C5-Benzene,0.00018421248
C6-Benzene,0.00018413889
C7-Benzene,0.0001840769
C8-Benzene,0.00018402425
C9-Benzene,0.0001839788
Diaromatic-C10,0.00018434587
Diaromatic-C11,0.00018424849
Diaromatic-C12,0.00018416891
Diaromatic-C13,0.00018410219
Cycloaromatic-C09,0.00018442956
Cycloaromatic-C10,0.00018431598
Cycloaromatic-C11,0.00018422425
Cycloaromatic-C12,0.00018414855
Cycloaromatic-C13,0.00018408515
Cycloaromatic-C14,0.00018403145
C07-Isoparaffin,0.049995795
C08-Isoparaffin,0.00018326887
C09-Isoparaffin,0.04999589
C10-Isoparaffin,0.00018328757
C11-Isoparaffin,0.0001832944
C12-Isoparaffin,0.0001833
C13-Isoparaffin,0.00018330489
C14-Isoparaffin,0.00018330908
C15-Isoparaffin,0.00018331256
C16-Isoparaffin,0.00018331571
C17-Isoparaffin,0.00018331851
C18-Isoparaffin,0.00018332113
C19-Isoparaffin,0.00018332324
C20-Isoparaffin,0.00018332533
n-C07,0.0001832556
n-C08,0.00018326887
n-C09,0.00018327919
n-C10,0.00018328757
n-C11,0.0001832944
n-C12,0.0001833
n-C13,0.00018330489
n-C14,0.049995985
n-C15,0.00018331275
n-C16,0.049995985
n-C17,0.00018331851
n-C18,0.00018332113
C07-Monocycloparaffin,0.00018325349
C08-Monocycloparaffin,0.0001832673
C09-Monocycloparaffin,0.00018327797
C10-Monocycloparaffin,0.049995914
C11-Monocycloparaffin,0.00018329351
C12-Monocycloparaffin,0.00018329929
C13-Monocycloparaffin,0.049995985
C14-Monocycloparaffin,0.00018330856
C15-Monocycloparaffin,0.00018331224
C16-Monocycloparaffin,0.00018331537
C17-Monocycloparaffin,0.00018331817
C08-Dicycloparaffin,0.00018326538
C09-Dicycloparaffin,0.00018327657
C10-Dicycloparaffin,0.0001832853
C11-Dicycloparaffin,0.00018329246
C12-Dicycloparaffin,0.00018329859
C13-Dicycloparaffin,0.63429546
C14-Dicycloparaffin,0.00018330786
C15-Dicycloparaffin,0.0001833117
C10-Tricycloparaffin,0.00018328424
C11-Tricycloparaffin,0.00018329159
C12-Tricycloparaffin,0.00018329771
